Ticker,Sector
BHARTIARTL.NS
ASHOKLEY.NS
AUROPHARMA.NS
SANWARIA.NS
ALMONDZ.NS
SBIN.NS
BPCL.NS
MBECL.NS
MAHABANK.NS
BOSCHLTD.NS
IDBI.NS
DABUR.NS
TCIDEVELOP.NS
DRREDDY.NS
DPSCLTD.NS
PRABHAT.NS
MAHLIFE.NS
LPDC.NS
KAUSHALYA.NS
IRB.NS
HDIL.NS
HDFC.NS
GOENKA.NS
ENERGYDEV.NS
SCHNEIDER.NS
TATAELXSI.NS
SWARAJENG.NS
RECLTD.NS
PEL.NS
EVERONN.NS
ESSELPACK.NS
ENTEGRA.NS
ADANIPORTS.NS
OFSS.NS
LICHSGFIN.NS
SITASHREE.NS
PFS.NS
PFC.NS
MUTHOOTFIN.NS
MAX.NS
MAGMA.NS
FACT.NS
WEIZFOREX.NS
GSPL.NS
GAIL.NS
POWERGRID.NS
VHL.NS
HINDUNILVR.NS
HINDPETRO.NS
HCC.NS
HIRECT.NS
SYNCOM.NS
ROHLTD.NS
JUBLINDS.NS
JISLJALEQS.NS
ZODJRDMKJ.NS
SBBJ.NS
PCJEWELLER-EQ.NS
JYOTHYLAB.NS
JUBLFOOD.NS
JUBILANT.NS
JSWSTEEL.NS
JPPOWER.NS
JPOLYINVST.NS
JKTYRE.NS
JKPAPER.NS
JISLDVREQS.NS
JINDCOT.NS
JINDALSAW.NS
JBFIND.NS
JAIHINDPRO.NS
JAGRAN.NS
JMFINANCIL-EQ.NS
JAGSNPHARM-EQ.NS
JAMNAAUTO.NS
JAICORPLTD.NS
JMA.NS
JYOTISTRUC-EQ.NS
JUSTDIAL.NS
JKIL.NS
J&KBANK.NS
JUSTDIAL-EQ.NS
J&KBANK-EQ.NS
JAMNAAUTO-EQ.NS
JSWSTEEL-P2.NS
JCTEL-EQ.NS
PCJEWELLER.NS
JSWHL-EQ.NS
TARAJEWELS.NS
JSWENERGY.NS
JAYNECOIND-EQ.NS
JKCEMENT.NS
JUMBO-BZ.NS
JKPAPER-EQ.NS
JUNIORBEES.NS
JINDCOT-EQ.NS
JINDALPHOT.NS
JAIBALAJI-EQ.NS
JAYAGROGN.NS
JAIBALAJI.NS
JINDWORLD.NS
JIKIND-BE.NS
JMTAUTOLTD-EQ.NS
JSWHL.NS
JAIHINDPRO-EQ.NS
KPRMILL.NS
KPIT.NS
KOTAKBANK.NS
KTIL.NS
KSK.NS
KSERASERA.NS
KSCL.NS
KOTHARIPRO.NS
KOTARISUG.NS
KOPRAN.NS
KNRCON.NS
KITEX.NS
KIRLOSENG.NS
KBIL.NS
KGL.NS
KESARENT.NS
KEC.NS
KCPSUGIND.NS
EKC.NS
KSL.NS
KANSAINER.NS
SKUMARSYN.NS
KICL-EQ.NS
MRF.NS
TATASTEEL.NS
RELIANCE.NS
NOCIL.NS
ICIL.NS
TCS.NS
SURANAIND.NS
SASKEN.NS
RELINFRA.NS
PRAJIND.NS
NICCO.NS
MARUTI.NS
LUPIN.NS
CAIRN.NS
ZENITHBIR.NS
YESBANK.NS
XPROINDIA.NS
VOLTAS.NS
VISAKAIND.NS
USHERAGRO.NS
UFO.NS
UFLEX.NS
TV18BRDCST.NS
TRIGYN.NS
TRENT.NS
TIDEWATER.NS
TECHM.NS
TATAMOTORS.NS
TATACHEM.NS
SUNPHARMA.NS
SUJANAUNI.NS
SUBROS.NS
SOUTHBANK.NS
SKFINDIA.NS
SIEMENS.NS
MURLIIND.NS
MINDTREE.NS
MINDAIND.NS
MEGASOFT.NS
MCDOWELL-N.NS
MAGNUM.NS
SABTN.NS
PNC.NS
NTPC.NS
NCLIND.NS
NBCC.NS
UNITEDTEA.NS
RAMANEWS.NS
NMDC.NS
NIITLTD.NS
NHPC.NS
NELCO.NS
NELCAST.NS
NECCLTD.NS
CONCOR.NS
UNIONBANK.NS
STOREONE.NS
OUDHSUG.NS
ORBITCORP.NS
OMAXE.NS
OMAXAUTO.NS
OIL.NS
OBEROIRLTY.NS
MCX.NS
M100.NS
LAOPALA.NS
BIRLAERIC.NS
BANKINDIA.NS
BANG.NS
ABAN.NS
ONWARDTEC.NS
SHIV-VANI-EQ.NS
SABERORGA.NS
TCI.NS
ORIENTBELL.NS
ORTINLABSS-BE.NS
ORBTEXP-EQ.NS
SVOGL.NS
QUINTEGRA.NS
QUICKHEAL.NS
QGOLDHALF.NS
QUINTEGRA-EQ.NS
QNIFTY.NS
RUCHISOYA.NS
INDOCO.NS
GOKUL-BE.NS
TEXRAIL.NS
UTTAMVALUE.NS
UTTAMSTL.NS
USHAMART.NS
UNITECH.NS
UNIPLY.NS
UNIENTER.NS
UMESLTD.NS
UGARSUGAR.NS
CUB.NS
BVCL.NS
VSTTILLERS.NS
VSTIND.NS
VOLTAMP.NS
VISUINTL.NS
VIPIND.NS
VIMTALABS.NS
VIDEOIND.NS
SPECTACLE.NS
HOTELEELA.NS
HMVL.NS
VLSFINANCE.NS
VISUINTL-EQ.NS
VALECHAENG-EQ.NS
VIDHIDYE.NS
VARDMNPOLY-EQ.NS
GEECEE-EQ.NS
VALECHAENG.NS
HINDUJAVEN.NS
VSSL-EQ.NS
VIKASECO-EQ.NS
SPECTACLE-EQ.NS
SMCSRVIRD-MF.NS
VTXIND-BE.NS
VMART.NS
GEECEE.NS
VINYLINDIA.NS
GNFC.NS
VTXIND.NS
VESUVIUS.NS
VAIBHAVGBL.NS
VALUEIND-EQ.NS
VADILALIND.NS
UTTAMVALUE-EQ.NS
VIDEOIND-EQ.NS
VASWANI.NS
GLOBALVECT-BE.NS
WIPRO.NS
WANBURY.NS
TODAYS.NS
IBWSL.NS
FIRSTWIN.NS
WINDMACHIN-EQ.NS
WELSPUNIND.NS
WEBELSOLAR.NS
WELSYNTEX-EQ.NS
WABCOINDIA.NS
WSTCSTPAPR-EQ.NS
RAIREKMOH.NS
WILLAMAGOR-EQ.NS
WELSYNTEX.NS
LAXMIMACH-EQ.NS
WOCKPHARMA.NS
WOCKPHARMA-EQ.NS
IBWSL-EQ.NS
WEIZMANIND-EQ.NS
WHIRLPOOL.NS
WILLAMAGOR.NS
WENDT.NS
ZYDUSWELL.NS
WSTCSTPAPR.NS
TODAYS-EQ.NS
WELENT.NS
SSWL.NS
WONDERLA.NS
RFXXII29GR-MF.NS
XCHANGING-EQ.NS
XCHANGING.NS
UFTFGR12PX-MF.NS
XLENERGY.NS
YESBANK-EQ.NS
WINSOME-BE.NS
WINSOME.NS
ZYLOG.NS
ZENSARTEC.NS
HINDZINC.NS
ZANDUREALT.NS
ZENITHEXPO.NS
ZENITHEXPO-EQ.NS
ZEELEARN-EQ.NS
ZEEL-P1.NS
TBZ.NS
ZEEL.NS
ZUARIGLOB.NS
ZICOM-EQ.NS
ZENITHCOMP.NS
ZEEMEDIA.NS
ZANDUREALT-EQ.NS
ZUARI.NS
ZEELEARN.NS
ZENTEC.NS
ZENTEC-BE.NS
ZENTEC-EQ.NS
ZENITHBIR-EQ.NS
ZODIACLOTH-EQ.NS
ZENSARTECH.NS
HINDZINC-EQ.NS
ZODIACLOTH.NS
ZYDUSWELL-EQ.NS
ZICOM.NS
AARVEEDEN.NS
AARTIDRUGS-EQ.NS
AARTIIND-EQ.NS
AARTIIND.NS
AARTIDRUGS.NS
ABB.NS
ABCIL.NS
STYABS.NS
ABFRL.NS
ABGSHIP.NS
ABHISHEK.NS
ABIRLANUVO-EQ.NS
ORIENTABRA.NS
ORIENTABRA-EQ.NS
ABIRLANUVO.NS
ABBOTINDIA.NS
ABCIL-EQ.NS
IMPAL.NS
ACROPETAL-BE.NS
ACCELYA.NS
AFL-EQ.NS
AFL.NS
ACE.NS
ACCELYA-EQ.NS
ACROPETAL.NS
TREEHOUSE.NS
ACC.NS
ACROPETAL-EQ.NS
VARDHACRLC-EQ.NS
VARDHACRLC.NS
AMTL.NS
ADVANTA.NS
ADSL.NS
ADHUNIK.NS
ADANITRANS.NS
ADANIENT.NS
ADVANIHOTR.NS
ADANITRANS-BE.NS
ONELIFECAP.NS
ADFFOODS-EQ.NS
ADSL-EQ.NS
ADHUNIK-EQ.NS
PRESSMN.NS
ADVANIHOTR-EQ.NS
ADLABS-EQ.NS
PFRL.NS
ADI-EQ.NS
ADORWELD.NS
PRESSMN-EQ.NS
BIRLAMONEY.NS
ADANIPOWER.NS
SPARC.NS
SDAFIIIGR-MF.NS
ADLABS.NS
SABTN-EQ.NS
AEGISCHEM.NS
AFTEK.NS
AFTEK-BZ.NS
AFTEK-BE.NS
ARIES.NS
REIAGROLTD-EQ.NS
IFBAGRO.NS
GREENFIRE.NS
ATFL.NS
AGRODUTCH.NS
AGCNET.NS
NATNLSTEEL-EQ.NS
AGRITECH.NS
ARIES-EQ.NS
NATNLSTEEL-BE.NS
GREENFIRE-EQ.NS
AGARIND-EQ.NS
ATFL-EQ.NS
JMA-EQ.NS
JAYAGROGN-EQ.NS
HATSUN-EQ.NS
AGRITECH-BE.NS
AGARIND.NS
REIAGROLTD-BE.NS
AGRITECH-EQ.NS
GOKULAGRO.NS
HATSUN.NS
DHANUKA.NS
JVLAGRO.NS
AGRODUTCH-BE.NS
REIAGROLTD.NS
NATNLSTEEL.NS
AHLWEST.NS
AHMEDFORG.NS
AHIMSA-SO.NS
AHIMSA-SQ.NS
AHIMSA-SM.NS
AHIMSA-SL.NS
AHIMSA-SP.NS
AHLUCONT.NS
AHLEAST.NS
AHIMSA-SI.NS
AHIMSA-ST.NS
AICHAMP.NS
AIAENG.NS
AICHAMP-EQ.NS
JETAIRWAYS.NS
AIFL.NS
KFA-BZ.NS
AIFL-EQ.NS
AIL.NS
AJMERA.NS
AJANTPHARM.NS
AKZOINDIA.NS
AKZOINDIA-EQ.NS
AKSHOPTFBR.NS
ALLSEC.NS
ALOKTEXT.NS
ALKEM.NS
METKORE.NS
GUJALKALI.NS
MANAKALUCO-EQ.NS
MANAKALUCO-BE.NS
SHAHALLOYS-EQ.NS
IMFA.NS
SALSTEEL.NS
ALICON.NS
ALPA-EQ.NS
ALLSEC-EQ.NS
IMFA-EQ.NS
ALBK.NS
APLLTD.NS
ALOKTEXT-EQ.NS
SHAHALLOYS.NS
CHEMFALKAL-EQ.NS
GAL-EQ.NS
ALKALI.NS
ALANKIT.NS
CHEMFALKAL.NS
ALEMBICLTD.NS
NATIONALUM.NS
ALLCARGO.NS
MAITHANALL.NS
GAL.NS
ALMONDZ-EQ.NS
ALPA.NS
ALKEM-EQ.NS
ESSDEE.NS
MANAKALUCO.NS
ALPHAGEO-EQ.NS
ALPSINDUS-EQ.NS
MAANALU.NS
ALCHEM.NS
PARAL-BZ.NS
ALKALI-EQ.NS
ALPA-BE.NS
SHAHALLOYS-BE.NS
ALPSINDUS.NS
ALANKIT-EQ.NS
ALPINEHOU-BE.NS
ALKYLAMINE.NS
METKORE-EQ.NS
ALPHAGEO.NS
ALSTOMT&D.NS
GAEL.NS
BANARISUG.NS
AMTEKAUTO.NS
AMBIKCO.NS
ASIL-EQ.NS
ASIL-BE.NS
BASML-EQ.NS
AMRUTANJAN-EQ.NS
AMTEKINDIA-BE.NS
BASML.NS
ASIL.NS
AMBUJACEM.NS
AMTEKINDI.NS
AMDIND.NS
AMARAJABAT-EQ.NS
AMRUTANJAN.NS
GAEL-EQ.NS
BALAMINES.NS
AMARAJABAT.NS
AMTL-EQ.NS
AMRUTANJAN-BE.NS
AMLSTEEL-BE.NS
MRPL.NS
LOTUSEYE.NS
IOLCP.NS
ANSALAPI.NS
ANIKINDS.NS
ANANTRAJ.NS
ANANDAMRUB.NS
DALMIASUG-EQ.NS
CYBERTECH-EQ.NS
LAKSHMIEFL-EQ.NS
EUROTEXIND-EQ.NS
DALMIASUG.NS
GOKUL-EQ.NS
ANDHRABANK.NS
HELIOSMATH-EQ.NS
ANDHRACEMT.NS
HCIL-EQ.NS
SESHAPAPER.NS
ANSALAPI-EQ.NS
RCF.NS
TAINWALCHM.NS
EUROTEXIND.NS
ANANDAMRUB-EQ.NS
SHK-EQ.NS
MADHAV.NS
ANTGRAPHIC.NS
SUTLEJTEX.NS
HELIOSMATH.NS
ASAL-EQ.NS
IOLCP-EQ.NS
HDIL-EQ.NS
HITACHIHOM-EQ.NS
ANDHRSUGAR-EQ.NS
ANKITMETAL.NS
DEEPAKFERT-EQ.NS
BALMLAWRIE.NS
CHOLAFIN-EQ.NS
ANIKINDS-BE.NS
MANGALAM-EQ.NS
CHOLAFIN.NS
VETO.NS
PGHH.NS
ANTGRAPHIC-BE.NS
TGBHOTELS-EQ.NS
SFCL-EQ.NS
KEMROCK-EQ.NS
SDBL.NS
ANDHRACEMT-EQ.NS
OISL.NS
DEEPAKFERT.NS
ANSALHSG.NS
MRPL-EQ.NS
MONNETISPA.NS
SUTLEJTEX-EQ.NS
OISL-EQ.NS
ANTGRAPHIC-EQ.NS
FACT-EQ.NS
SURANAT&P.NS
PIPAVAVDOC.NS
ANDHRSUGAR.NS
EMKAYTOOLS-SM.NS
GPIL-EQ.NS
CARERATING.NS
SFCL.NS
ANGIND.NS
SANGHVIFOR.NS
BLKASHYAP.NS
COX&KINGS.NS
ANGIND-EQ.NS
TGBHOTELS.NS
JPOLYINVST-EQ.NS
TEXMOPIPES-EQ.NS
CARERATING-EQ.NS
WELINV.NS
APTECHT.NS
APOLSINHOT.NS
APLAPOLLO.NS
APARINDS.NS
ELAND.NS
MOMAI-SM.NS
APCOTEXIND-EQ.NS
APOLLOHOSP-EQ.NS
APOLLOTYRE.NS
APCOTEXIND.NS
APOLLOHOSP.NS
BUTTERFLY.NS
APOLLOTYRE-EQ.NS
APOLSINHOT-BE.NS
GUJAPOLLO.NS
APOLSINHOT-EQ.NS
IPAPPM-EQ.NS
ELAND-EQ.NS
PANASONIC.NS
APLAB-BE.NS
ARSHIYA.NS
ARSSINFRA.NS
ARIHANT.NS
ARCHIES.NS
ARCHIDPLY.NS
THIRUSUGAR.NS
ARIHANT-EQ.NS
ARVINDREM-EQ.NS
INTELLECT-EQ.NS
MUKTAARTS-EQ.NS
GILLANDERS-EQ.NS
ARVINFRA-EQ.NS
ARVINDREM-BZ.NS
ARVINFRA-BE.NS
AROGRANITE.NS
ARROWCOAT-EQ.NS
ARVINDREM.NS
INTELLECT.NS
ARCOTECH.NS
ARVIND.NS
ARCHIES-EQ.NS
MUKTAARTS.NS
ARROWCOAT.NS
ARVINFRA.NS
AROGRANITE-EQ.NS
ARROWTEX-EQ.NS
ARROWTEX.NS
GILLANDERS.NS
ARCOTECH-EQ.NS
ASIANPAINT.NS
ASTEC.NS
ASSAMCO.NS
ASAL.NS
EIHAHOTELS.NS
BSLNIFTY-EQ.NS
ASIANHOTNR.NS
DWSHYD13GP-MF.NS
ASHAPURMIN.NS
ASTRAMICRO.NS
DWSFMP66RG-MF.NS
ASIANELEC-BZ.NS
H37131JDG2-MF.NS
UTIFEFRGR2-MF.NS
BSLCAP19RG-MF.NS
SMCSRVRD-MF.NS
BSLRGES1RD-MF.NS
ASHAPURMIN-EQ.NS
HRGESSRG1-MF.NS
ASTRAZEN.NS
H37027ARG4-MF.NS
ASTRAL.NS
JPASSOCIAT.NS
ASAHIINDIA-EQ.NS
HRGESSRD1-MF.NS
IDR1AGD-MF.NS
INFRABEES.NS
MC6RD-MF.NS
KOTAKNIFTY-EQ.NS
ASAHISONG.NS
ASHIANA.NS
SMCSRVRG-MF.NS
SMCSRVIRG-MF.NS
SHRIASTER-EQ.NS
SC3RG-MF.NS
ASIANHOTNR-EQ.NS
ASHIMASYN.NS
ASHIMASYN-EQ.NS
IDR1ADP-MF.NS
ASIANTILES.NS
ASTEC-EQ.NS
BSLFTPLLRG-MF.NS
SHRIASTER.NS
ASAHISONG-BE.NS
549-MF.NS
ASAHIINDIA.NS
BSLRGES1RG-MF.NS
ASHOKA.NS
ATUL.NS
ATULAUTO-EQ.NS
ATNINTER-EQ.NS
ATLASCYCLE.NS
ATNINTER.NS
ATULAUTO.NS
ATLANTA.NS
ATNINTER-BE.NS
BAJAJ-AUTO.NS
MUNJALAU.NS
AUTOLITIND.NS
CLUTCHAUTO-EQ.NS
AUSOMENT-BE.NS
PPAP.NS
LUMAXTECH.NS
AURIONPRO-EQ.NS
INDIGO.NS
AVTNPL.NS
AVANTIFEED-EQ.NS
AVANTIFEED.NS
AVTNPL-EQ.NS
INDIGO-EQ.NS
AXISBANK.NS
AXISBANK-IL.NS
AXISCADES.NS
AXISCADES-EQ.NS
AXISGOLD.NS
AUTOAXLES.NS
AYMSYNTEX.NS
ICICIBANK.NS
CANBK.NS
BALLARPUR.NS
INDIANB.NS
IDFCBANK.NS
HDFCBANK.NS
INDUSINDBK-EQ.NS
BASF.NS
BAJAJCORP.NS
BAGFILMS.NS
BAFNAPHARM.NS
BAJAJFINS.NS
BANKBEES.NS
PSB-EQ.NS
BAJAJ-AUTO-EQ.NS
PSUBNKBEES.NS
ORIENTBANK.NS
BAJFINANCE.NS
BVCL-EQ.NS
BBL.NS
BBTC-EQ.NS
BBL-EQ.NS
BBTC.NS
BDR-IT.NS
BDR.NS
BDR-EQ.NS
BEML.NS
MANPASAND.NS
PSUBNKBEES-EQ.NS
FAGBEARING.NS
BEDMUTHA-EQ.NS
BEML-EQ.NS
BEPL-EQ.NS
SHARIABEES-EQ.NS
TALWALKARS.NS
HNGSNGBEES-EQ.NS
TATAGLOBAL.NS
BEDMUTHA.NS
FAGBEARING-EQ.NS
BERGEPAINT.NS
BEARDSELL-EQ.NS
NIBL-EQ.NS
MANPASAND-EQ.NS
BEARDSELL-IL.NS
BERGEPAINT-EQ.NS
NRBBEARING.NS
JUNIORBEES-EQ.NS
ORIENTBELL-EQ.NS
NIBL.NS
BEARDSELL-BE.NS
NIBL-BE.NS
BEARDSELL-BL.NS
MENONBE.NS
BANKBEES-EQ.NS
BEL.NS
NIFTYBEES.NS
LIQUIDBEES.NS
SHARIABEES.NS
GOLDBEES.NS
BANARBEADS.NS
BEARDSELL-RL.NS
HNGSNGBEES.NS
BFUTILITIE.NS
BFINVEST.NS
SQSBFSI-EQ.NS
SQSBFSI.NS
BGRENERGY.NS
BGLOBAL-EQ.NS
BGRENERGY-EQ.NS
BGLOBAL-BE.NS
BGLOBAL.NS
INFRATEL.NS
BHEL.NS
INFRATEL-EQ.NS
BHAGYNAGAR-EQ.NS
BHARTISHIP.NS
BHARATFORG.NS
BIL-EQ.NS
DALMIABHA.NS
BHARTISHIP-BZ.NS
BHARATGEAR.NS
JAYBARMARU.NS
BHAGERIA.NS
BHARATIDIL.NS
BHARATRAS.NS
BEPL.NS
BHARATWIRE.NS
BIL.NS
NBVENTURES.NS
BHAGYNAGAR.NS
BHUSANSTL-EQ.NS
BHUSANSTL.NS
BIOCON.NS
CELESTIAL.NS
BILENERGY-EQ.NS
BIRLACOT-BE.NS
NATHBIOGEN-EQ.NS
BINDALAGRO-EQ.NS
BSLNIFTY.NS
STERLINBIO.NS
NATHBIOGEN.NS
BIRLAPOWER-BZ.NS
BINDALAGRO.NS
BILENERGY.NS
BINDALAGRO-BE.NS
BIOCON-EQ.NS
BIRLACOT.NS
BSLGOLDETF.NS
BSLELFS5RG-MF.NS
KOPDRUGS-BZ.NS
BSLCAP21RG-MF.NS
CELESTIAL-EQ.NS
BSLFTPLVDG-MF.NS
BILPOWER-BE.NS
BILPOWER-EQ.NS
PANACEABIO.NS
BSLFEFS2RG-MF.NS
NATHBIOGEN-BE.NS
SHARONBIO.NS
BIRLAMONEY-EQ.NS
HESTERBIO-EQ.NS
BILPOWER.NS
BIRLAERIC-BE.NS
STERLINBIO-EQ.NS
BINANIIND.NS
GUFICBIO.NS
BIRLACORPN.NS
HESTERBIO.NS
BANKBARODA-IL.NS
PENPEBS-BE.NS
BLBLIMITED-EQ.NS
BLBLIMITED.NS
PHILIPCARB.NS
BLUEDART.NS
BLUECOAST.NS
BLUEBLENDS.NS
BLISSGVS.NS
BLUESTINFO-EQ.NS
BLUECHIP.NS
BLUECHIP-BE.NS
BLUECOAST-BE.NS
PHILIPCARB-EQ.NS
BLUEBLENDS-EQ.NS
BLUEBLENDS-BE.NS
BLUESTARCO.NS
BLUESTINFO.NS
BLUECOAST-EQ.NS
NIFTYBEES-EQ.NS
GEOJITBNPP.NS
GEOJITBNPP-EQ.NS
BNPCPGII-MF.NS
BODALCHEM.NS
BODALCHEM-EQ.NS
BOSCHLTD-EQ.NS
GENUSPAPER-EQ.NS
BOMDYEING.NS
BOMDYEING-EQ.NS
GENUSPAPER.NS
CEBBCO.NS
BODHTREE-BE.NS
BRFL.NS
CEBBCO-EQ.NS
BPL.NS
BPL-EQ.NS
DBSTOCKBRO.NS
UBL.NS
SUNDRMBRAK.NS
BROADCAST.NS
KIRLOSBROS.NS
NOIDATOLL-EQ.NS
BROOKS.NS
RBL.NS
SUNDRMBRAK-EQ.NS
NOIDATOLL.NS
SDBL-EQ.NS
KIRLOSBROS-EQ.NS
BSELINFRA.NS
BSL-EQ.NS
BSLIMITED.NS
BSL.NS
BURNPUR.NS
PENPEBS.NS
BURNPUR-EQ.NS
VIJSHAN.NS
PENPEBS-EQ.NS
BYKE.NS
THEBYKE.NS
BYKE-EQ.NS
GOACARBON.NS
ELECTCAST.NS
CASTROLIND.NS
CANDC.NS
CADILAHC.NS
SATIN-BL.NS
CAPLIPOINT-EQ.NS
CANFINHOME-EQ.NS
IPRU2580-MF.NS
CCCL.NS
CCHHL.NS
CCHHL-EQ.NS
CCL.NS
IDEA.NS
PRISMCEM.NS
ITDCEM.NS
EUROCERA.NS
CESC.NS
CERA.NS
CEATLTD.NS
CENTEXT-EQ.NS
RAMCOCEM.NS
CENTUM-EQ.NS
SAGCEM-EQ.NS
CENTEXT.NS
ORIENTCEM-EQ.NS
IDEA-EQ.NS
ULTRACEMCO.NS
EUROCERA-BE.NS
KOVAI.NS
CEREBRAINT-EQ.NS
MANGLMCEM.NS
SAGCEM.NS
CEREBRAINT.NS
SOMANYCERA.NS
SHYAMCENT-BE.NS
REGENCERAM-EQ.NS
SHREECEM.NS
KAKATCEM.NS
CELEBRITY-EQ.NS
GSCLCEMENT.NS
CENTURYPLY.NS
ORIENTCEM.NS
RAMCOCEM-EQ.NS
DECOLIGHT.NS
CERA-EQ.NS
MURUDCERA.NS
CENTRALBK-EQ.NS
JKCEMENT-EQ.NS
CENTRALBK.NS
REGENCERAM.NS
SHYAMCENT.NS
CENTURYTEX.NS
DECOLIGHT-BE.NS
GSCLCEMENT-EQ.NS
SHYAMCENT-EQ.NS
JKLAKSHMI.NS
CELEBRITY.NS
DECCANCE.NS
CENTUM.NS
CENTENKA.NS
SOMANYCERA-EQ.NS
INDIACEM.NS
KAJARIACER.NS
CGCL-EQ.NS
CGCL.NS
SUDARSCHEM.NS
CLNINDIA.NS
CHROMATIC.NS
RAJSREESUG.NS
GSFC-IL.NS
BALRAMCHIN-EQ.NS
FCL-EQ.NS
TIRUMALCHM.NS
OMKARCHEM-EQ.NS
MANGCHEFER-EQ.NS
SRICHAMUND-EQ.NS
ORCHIDCHEM-EQ.NS
DHARSUGAR-EQ.NS
HCIL.NS
CIPLA.NS
CIGNITITEC.NS
CNOVAPETRO-EQ.NS
CINEVISTA.NS
MAHINDCIE.NS
CIPLA-EQ.NS
OPTOCIRCUI.NS
MAHINDCIE-EQ.NS
CINELINE.NS
SHRIRAMCIT.NS
OPTOCIRCUI-EQ.NS
CNOVAPETRO.NS
CIGNITITEC-EQ.NS
SHRIRAMCIT-EQ.NS
CIMMCO.NS
CNOVAPETRO-BE.NS
CLASSIC.NS
INDIANCARD.NS
CLUTCHAUTO-BE.NS
KKCL.NS
CLASSIC-BZ.NS
CLUTCHAUTO.NS
CLASSIC-BE.NS
CLUTCHAUTO-BZ.NS
CLASSIC-EQ.NS
CMAHENDRA.NS
CMAHENDRA-BZ.NS
CMC.NS
CPSEETF.NS
CPSEETF-EQ.NS
GANESHHOUC.NS
CRMFGETF-EQ.NS
SHARDACROP-EQ.NS
CREATIVEYE-EQ.NS
SATIN-BE.NS
CRESTANI-BZ.NS
CROMPGREAV.NS
SATIN-IQ.NS
EXCELCROP.NS
CREATIVEYE.NS
SATIN-RL.NS
CRISIL.NS
SATIN-EQ.NS
SATIN-.NS
SHARDACROP.NS
CREST-EQ.NS
SATIN-BT.NS
SATIN.NS
PUNJABCHEM.NS
SATIN-IL.NS
CREST.NS
BAYERCROP.NS
CRMFGETF.NS
CTE-BE.NS
CTE-EQ.NS
CTE.NS
JSWSTEEL-P1.NS
CUMMINSIND-EQ.NS
CURATECH.NS
CUBEXTUB.NS
CUBEXTUB-BE.NS
CUBEXTUB-EQ.NS
CURATECH-EQ.NS
CUMMINSIND.NS
CYBERTECH.NS
CYBERMEDIA.NS
CYIENT-EQ.NS
EKC-EQ.NS
CYBERMEDIA-EQ.NS
CYIENT.NS
COFFEEDAY.NS
COFFEEDAY-EQ.NS
HATHWAY.NS
HATHWAY-IL.NS
DATAMATICS-EQ.NS
UMANGDAIRY-EQ.NS
UMANGDAIRY.NS
DAAWAT.NS
PRABHAT-EQ.NS
RDAFTIIPAG-MF.NS
DATAMATICS.NS
DBREALTY.NS
DBCORP-IL.NS
DBCORP.NS
DCW.NS
DCBBANK-EQ.NS
DCM.NS
DCBBANK.NS
DCMSHRIRAM.NS
DCMSHRIRAM-EQ.NS
DHFL.NS
DELTACORP.NS
DEEPIND.NS
HIL.NS
NDL.NS
DHUNINV.NS
DTIL.NS
DHARSUGAR.NS
DTIL-EQ.NS
DPL-EQ.NS
DTIL-BE.NS
DHAMPURSUG.NS
DPL.NS
DHANBANK.NS
DISHTV.NS
DIAPOWER.NS
GOENKA-BZ.NS
DIGJAM.NS
UTRGESSDDP-MF.NS
GDL.NS
RKDL-EQ.NS
DICIND-EQ.NS
RKDL.NS
PIONDIST-EQ.NS
DISHMAN.NS
FOURTHDIM-SM.NS
RELDIVOPP.NS
DICIND.NS
PIONDIST.NS
EDL.NS
DIVISLAB.NS
DLF.NS
DLINKINDIA.NS
DONEAR.NS
DOLPHINOFF.NS
HINDDORROL.NS
DOLPHINOFF-EQ.NS
DONEAR-EQ.NS
DPSCLTD-EQ.NS
DQE.NS
DQE-EQ.NS
DRREDDY-EQ.NS
PDPL.NS
DRDATSONS.NS
LALPATHLAB-EQ.NS
DRDATSONS-EQ.NS
KILITCH.NS
DREDGECORP-EQ.NS
PARABDRUGS.NS
LALPATHLAB.NS
MANGALAM.NS
PARABDRUGS-EQ.NS
DREDGECORP.NS
KILITCH-EQ.NS
JINDRILL.NS
DSKULKARNI-EQ.NS
DSKULKARNI.NS
DSSL-EQ.NS
DSSL.NS
DUNCANSLTD-BE.NS
RDAFTIIIDG-MF.NS
DUNCANSLTD.NS
DUNCANSLTD-EQ.NS
DWSMIDRD-MF.NS
DWARKESH.NS
DWARKESH-EQ.NS
DWARKESH-BE.NS
DYNATECH-BE.NS
DYNATECH-EQ.NS
DYNAMATECH.NS
DYNATECH.NS
DYNAMATECH-EQ.NS
GESHIP.NS
EASTSILK-EQ.NS
EASUNREYRL-EQ.NS
EASUNREYRL.NS
EASTSILK.NS
EBANK.NS
ECLERX.NS
GANECOS-EQ.NS
VIKASECO.NS
VIKASGLOB.NS
ECEIND-EQ.NS
ECLERX-EQ.NS
ECEIND.NS
GANECOS.NS
EDUCOMP.NS
EDELWEISS.NS
EDELWEISS-EQ.NS
UMESLTD-EQ.NS
MTEDUCARE.NS
NAUKRI.NS
NIFTYEES.NS
NAVNETEDUL.NS
NAVNETEDUL-EQ.NS
EVERONN-EQ.NS
COREEDUTEC-BZ.NS
NAUKRI-EQ.NS
COREEDUTEC.NS
COREEDUTEC-EQ.NS
NIFTYEES-EQ.NS
MTEDUCARE-EQ.NS
SKMEGGPROD-EQ.NS
SKMEGGPROD.NS
EICHERMOT.NS
EIHOTEL.NS
EIMCOELECO.NS
EIMCOELECO-BE.NS
EIDPARRY.NS
EIMCOELECO-EQ.NS
EIDPARRY-EQ.NS
TECHNO.NS
ELGIEQUIP.NS
ELECTHERM-EQ.NS
TVSELECT.NS
KHAITANELE.NS
ELITE-IT.NS
TVSELECT-EQ.NS
KECL-EQ.NS
LLOYDELENG.NS
ESL-EQ.NS
TECHNO-EQ.NS
SCHNEIDER-EQ.NS
ELGIRUBCO-EQ.NS
KHAITANELE-EQ.NS
MIRCELECTR.NS
EON.NS
ELDERPHARM.NS
MIC.NS
BAJAJELEC.NS
JCTEL.NS
INDNIPPON.NS
ELECON-EQ.NS
EON-EQ.NS
ELFORGE-BE.NS
ELECTHERM.NS
ELDERPHARM-BZ.NS
SALZERELEC-EQ.NS
ELGIRUBCO.NS
PGEL-EQ.NS
ELDERPHARM-EQ.NS
KECL.NS
PGEL.NS
MIRCELECTR-EQ.NS
ELECON.NS
ELDERPHARM-BE.NS
ESL.NS
SALZERELEC.NS
EMCO.NS
EMCO-EQ.NS
PIONEEREMB.NS
EMAMILTD.NS
EMMBI.NS
EMAMIINFRA.NS
EMKAY.NS
EMAMIINFRA-EQ.NS
PIONEEREMB-EQ.NS
EMKAY-EQ.NS
SHEMAROO.NS
SADBHAV.NS
RELIGARE.NS
PATELENG.NS
ERAINFRA.NS
ENIL.NS
FCEL.NS
PENPEBS-IL.NS
KARMAENG.NS
PENPEBS-BT.NS
A2ZINFRA.NS
SHRIRAMEPC.NS
SHRIRAMEPC-EQ.NS
REVATHI.NS
REVATHI-EQ.NS
IPRU2262-MF.NS
ERAINFRA-BE.NS
ERAINFRA-BZ.NS
EROSMEDIA.NS
ESSARSHPNG.NS
ESCORTS.NS
ESABINDIA.NS
UNITEDTEA-EQ.NS
NITESHEST-EQ.NS
ESTER.NS
IBREALEST.NS
ESSAROIL.NS
NITESHEST.NS
ESSARSHPNG-EQ.NS
PRESTIGE.NS
ESTER-EQ.NS
PRESTIGE-IL.NS
ESSARPORT.NS
RELGOLD.NS
INIFTY.NS
RELGRNIFTY.NS
M50.NS
KOTAKNIFTY.NS
KOTAKGOLD.NS
UTISENSETF.NS
RELNV20.NS
N100.NS
GOLDSHARE.NS
LICNFENGP.NS
KOTAKBKETF.NS
IDBIGOLD.NS
RELIGAREGO.NS
IDBIGOLD-EQ.NS
HDFCMFGETF.NS
RELCNX100.NS
IGOLD.NS
RELCONS.NS
HDFCNIFETF.NS
HDFCSENETF.NS
ICNX100.NS
IPGETF.NS
RELBANK.NS
M100-EQ.NS
UTINIFTETF.NS
RELNIFTY.NS
KOTAKPSUBK.NS
KOTAKNV20.NS
RELGRNIFTY-EQ.NS
EUROMULTI.NS
EUROMULTI-BE.NS
EUROMULTI-EQ.NS
EVEREADY.NS
EVERESTIND.NS
TULSI.NS
EXIDEIND.NS
GOLDBEES-EQ.NS
EXCELINFO.NS
HINDOILEXP.NS
RAJESHEXPO-EQ.NS
EXCELINDUS.NS
NORBTEAEXP.NS
NAGREEKEXP.NS
EXCEL-EQ.NS
NAGREEKEXP-EQ.NS
MCX-IL.NS
NUCLEUS.NS
ORBTEXP.NS
SELAN.NS
KABRAEXTRU-EQ.NS
IGOLD-EQ.NS
KEMROCK.NS
RAJESHEXPO.NS
EXIDEIND-EQ.NS
EXCEL.NS
KABRAEXTRU.NS
SAKUMA.NS
GOKEX.NS
LOTUSEYE-EQ.NS
PDSMFL.NS
FARMAXIND.NS
INDTERRAIN-EQ.NS
MONTECARLO.NS
PFRL-EQ.NS
FARMAXIND-BE.NS
PDSMFL-EQ.NS
SUNDRMFAST.NS
INDTERRAIN.NS
MONTECARLO-EQ.NS
FLFL.NS
FLFL-EQ.NS
FCSSOFT-EQ.NS
FCSSOFT.NS
FCEL-EQ.NS
FCL.NS
FDC.NS
RELCNX100-EQ.NS
FDC-EQ.NS
FMGOETZE.NS
UTIFEFRGR1-MF.NS
FEDERALBNK.NS
GSFC.NS
SHREEPUSHK.NS
FEDERALBNK-EQ.NS
ROHITFERRO.NS
MADRASFERT-EQ.NS
FEDDERLOYD.NS
IMPEXFERRO.NS
SHREEPUSHK-BE.NS
SHREEPUSHK-EQ.NS
CHAMBLFERT.NS
NFL.NS
ROHITFERRO-EQ.NS
MADRASFERT.NS
SRTRANSFI.NS
SRTRANSFIN.NS
SARLAPOLY.NS
NAHARPOLY-EQ.NS
INDUSFILA.NS
IBULHSGFIN.NS
FSL.NS
FINANTECH.NS
INDUSFILA-BE.NS
FINCABLES-EQ.NS
LFIC-BE.NS
CONSOFINVT-EQ.NS
GICHSGFIN.NS
CAMLINFINE.NS
CONSOFINVT.NS
JMFINANCIL.NS
SUNDARMFIN.NS
LAKSHMIFIN-BE.NS
NAHARCAP.NS
OFSS-EQ.NS
FIEMIND-EQ.NS
L&TFH-EQ.NS
GLFL.NS
GINNIFILA-EQ.NS
GUJSTATFIN-BT.NS
FILATEX.NS
TCIFINANCE.NS
NAHARPOLY.NS
FINANTECH-EQ.NS
NITINFIRE.NS
PFC-EQ.NS
GICHSGFIN-EQ.NS
MOTILALOFS.NS
NAVINFLUOR-EQ.NS
GUJFLUORO.NS
NAVINFLUOR.NS
FLEXITUFF.NS
LTMFXTG-MF.NS
FMNL.NS
FMNL-EQ.NS
SGFL.NS
MMFL.NS
FOSECOIND.NS
FORTIS.NS
FORTIS-EQ.NS
HINDUJAFO.NS
ADFFOODS.NS
RKFORGE.NS
METALFORGE-EQ.NS
LGBFORGE-EQ.NS
HERITGFOOD.NS
KALYANIFRG-BE.NS
METALFORGE.NS
KALYANIFRG-EQ.NS
PFOCUS-EQ.NS
PFOCUS.NS
RELAXO-EQ.NS
RELAXO.NS
SITASHREE-EQ.NS
KOHINOOR-EQ.NS
HERITGFOOD-EQ.NS
HILTON.NS
KOHINOOR.NS
VIMALOIL-EQ.NS
MMFL-EQ.NS
LGBFORGE.NS
SITASHREE-BE.NS
VIMALOIL.NS
SGFL-EQ.NS
SGFL-BE.NS
KALYANIFRG.NS
FRL.NS
FRL-EQ.NS
HFCL.NS
SC2RD-MF.NS
UCALFUEL.NS
UTRGESSRGR-MF.NS
FRLDVR-EQ.NS
HRGESSRG2-MF.NS
RELNIFTY-EQ.NS
UTCPOSRGR1-MF.NS
RD366D38RG-MF.NS
HCPO36MSRG-MF.NS
SMCSRIIIRD-MF.NS
HCPO36MORG-MF.NS
FRLDVR.NS
ISENSEX-EQ.NS
IGL.NS
GABRIEL.NS
GALLISPAT.NS
GATI.NS
GUJGASLTD-EQ.NS
GUJGASLTD.NS
GARDENSIL.NS
GAIL-EQ.NS
GAMMNINFRA-EQ.NS
GUJGASLTD-BE.NS
KITEX-EQ.NS
GAMMNINFRA.NS
GANDHITUBE.NS
SVOGL-EQ.NS
GALLANTT-EQ.NS
ONGC-EQ.NS
GAMMONIND.NS
ONGC.NS
GARDENSILK.NS
SGJHL.NS
GANGOTRI-EQ.NS
INTEGRA.NS
GANESHHOUC-EQ.NS
SHIV-VANI.NS
INTEGRA-EQ.NS
GANGOTRI.NS
GAYAPROJ.NS
GARWALLROP-EQ.NS
GARWALLROP.NS
UPERGANGES.NS
GALLISPAT-EQ.NS
INTEGRA-BE.NS
GALLANTT.NS
GANGOTRI-BE.NS
GENUSPOWER.NS
GEMINI.NS
LYPSAGEMS.NS
GEINDSYS.NS
GENUSPOWER-EQ.NS
GENESYS.NS
GEOMETRIC.NS
GENUSPAPER-BE.NS
SHANTIGEAR.NS
MOTOGENFIN.NS
MOTOGENFIN-BE.NS
MOTOGENFIN-EQ.NS
LYPSAGEMS-EQ.NS
HITECHGEAR.NS
GEMINI-EQ.NS
GEOMETRIC-EQ.NS
SHANTIGEAR-EQ.NS
GITANJALI.NS
GITANJALI-EQ.NS
GHCL.NS
GHCL-EQ.NS
PNBGILTS.NS
GIPCL.NS
GIRRESORTS-IT.NS
GISOLUTION-EQ.NS
GISOLUTION-BE.NS
GIRRESORTS-EQ.NS
GILLETTE-EQ.NS
GIRRESORTS.NS
GINNIFILA.NS
GISOLUTION.NS
GILLETTE.NS
GKWLIMITED-EQ.NS
GKWLIMITED.NS
GLOBUSSPR.NS
GLENMARK.NS
GLAXO.NS
SGL-EQ.NS
INDIAGLYCO.NS
GLENMARK-EQ.NS
SEZAL-EQ.NS
VAIBHAVGBL-EQ.NS
SEZAL.NS
ONMOBILE-EQ.NS
SPHEREGSL.NS
GLOBOFFS.NS
SGL.NS
ONMOBILE.NS
GLOBALVECT-EQ.NS
SGL-BE.NS
HINDNATGLS.NS
GLODYNE-BE.NS
GLOBALVECT.NS
GLFL-EQ.NS
GLODYNE-BZ.NS
GSKCONS.NS
SPHEREGSL-EQ.NS
HGS.NS
SEZAL-BE.NS
GLODYNE.NS
PGIL.NS
HGS-EQ.NS
GMBREW.NS
GMDCLTD.NS
GMRINFRA-EQ.NS
GMRINFRA.NS
GODREJIND.NS
GPIL.NS
GODREJCP.NS
GOKUL.NS
GTOFFSHORE.NS
GOLDENTOBC.NS
GOLDINFRA-EQ.NS
RELIGAREGO-EQ.NS
GOACARBON-EQ.NS
GOLDTECH-EQ.NS
GOCLCORP.NS
GOLDENTOBC-EQ.NS
SHIRPUR-G-EQ.NS
SHIRPUR-G.NS
SETFGOLD-EQ.NS
GOLDINFRA.NS
GOLDTECH.NS
GOLDIAM.NS
SETFGOLD.NS
GOCLCORP-EQ.NS
GODREJCP-EQ.NS
GODREJPROP.NS
GOLDIAM-EQ.NS
GOODLUCK.NS
RELGOLD-EQ.NS
GODFRYPHLP.NS
GOODLUCK-EQ.NS
GULFCORP-EQ.NS
GPPL.NS
GULFPETRO-EQ.NS
GULFPETRO.NS
SAHPETRO.NS
GREAVESCOT.NS
GRANULES.NS
SOFTTECHGR.NS
INVENTURE-EQ.NS
GSS-BE.NS
GSS.NS
GTLINFRA.NS
GTL.NS
GTNIND.NS
GTL-EQ.NS
GTNTEX.NS
GTNTEX-EQ.NS
GUJNREDVR-EQ.NS
GULFOILLUB-EQ.NS
GULFOILLUB.NS
GUJNREDVR.NS
GULPOLY.NS
TIMESGTY.NS
GUJNRECOKE.NS
TIMESGTY-EQ.NS
GVKPIL.NS
GVKPIL-EQ.NS
TAJGVK.NS
HANUNG.NS
HAVELLS-EQ.NS
HARRMALAYA.NS
HARITASEAT.NS
HARITASEAT-EQ.NS
HAVELLS.NS
HBLPOWER.NS
HBSTOCK.NS
HBSTOCK-EQ.NS
HCLTECH.NS
HCL-INSYS-EQ.NS
HCG.NS
HCL-INSYS.NS
HDFC-EQ.NS
HDFCSENETF-EQ.NS
HDFCNIFETF-EQ.NS
HDFCBANK-IL.NS
HEIDELBERG.NS
TTKHLTCARE-EQ.NS
HELIOSMATH-BZ.NS
HECPROJECT-SM.NS
HELIOSMATH-BE.NS
HEG.NS
SYNCOM-EQ.NS
HEXATRADEX.NS
HERCULES-EQ.NS
HEIDELBERG-EQ.NS
HERCULES.NS
TTKHLTCARE.NS
HEROMOTOCO.NS
HEXAWARE-EQ.NS
HEXAWARE.NS
HEXATRADEX-EQ.NS
HECINFRA-IT.NS
HINDMOTORS.NS
HINDPETRO-EQ.NS
HINDCOMPOS.NS
HMVL-EQ.NS
HITECHPLAS.NS
HINDMOTORS-EQ.NS
HINDCOPPER.NS
HIKAL.NS
HINDCOPPER-EQ.NS
HITECH-SM.NS
BAJAJHIND.NS
HITACHIHOM.NS
SRHHYPOLTD-EQ.NS
HOCL-EQ.NS
HINDALCO.NS
HINDSYNTEX.NS
SUNILHITEC.NS
HIKAL-EQ.NS
SUNILHITEC-EQ.NS
HIMATSEIDE.NS
HINDUNILVR-EQ.NS
HINDSYNTEX-EQ.NS
HOCL.NS
BAJAJHLDNG.NS
UBHOLDINGS.NS
HMT.NS
PNEUMATIC-BE.NS
NH-EQ.NS
NH.NS
HSIL.NS
HSIL-EQ.NS
HTMEDIA.NS
INDIANHUME.NS
PAPERPROD.NS
HUSYS.NS
HUBTOWN.NS
IBULHSGFIN-EQ.NS
IBVENTURES-EQ.NS
IBVENTURES.NS
ICICIBANK-EQ.NS
ICNX100-EQ.NS
INIFTY-EQ.NS
ICSA-EQ.NS
IPRU2317-MF.NS
ICRA.NS
ISENSEX.NS
IPRU-8484-MF.NS
ICSA.NS
IDFC.NS
IDBI-EQ.NS
IDFC-IL.NS
IDFCBANK-EQ.NS
IDFCBANK-BE.NS
IFCI.NS
IFBIND.NS
IFGLREFRAC.NS
IFCI-EQ.NS
IGARASHI.NS
IGPL-EQ.NS
IGPL.NS
IITL.NS
IIFL-EQ.NS
IIFL.NS
IITL-EQ.NS
IVC-EQ.NS
IL&FSENGG.NS
IL&FSTRAN.NS
IVC.NS
IL&FSTRANS.NS
SIIL-SM.NS
INDLMETER.NS
IOB.NS
IOC.NS
IPCALAB-IL.NS
IPCALAB-EQ.NS
IPCALAB.NS
IPAPPM.NS
TATASPONGE-EQ.NS
TATASPONGE.NS
JISLJALEQS-EQ.NS
SUNFLAG.NS
ISFT-BE.NS
ISMTLTD.NS
ISFT.NS
SATHAISPAT-EQ.NS
SMLISUZU.NS
SATHAISPAT.NS
ISMTLTD-EQ.NS
SOUISPAT.NS
ITC.NS
PILIND-EQ.NS
PILITA-EQ.NS
PILIND.NS
ITI.NS
PILITA.NS
ITC-EQ.NS
IVRCLINFRA.NS
IVRCLINFRA-EQ.NS
IVP.NS
IZMO-EQ.NS
IZMO.NS
JAGSNPHARM.NS
JAINSTUDIO-BE.NS
JAINSTUDIO.NS
JAYNECOIND.NS
JAYSREETEA-EQ.NS
JAICORPLTD-EQ.NS
JAINSTUDIO-EQ.NS
JAYSREETEA.NS
JPINFRATEC.NS
JBMA-EQ.NS
JBCHEPHARM.NS
JBCHEPHARM-EQ.NS
JBMA.NS
RJL.NS
THANGAMAYL-EQ.NS
JENSONICOL.NS
JENSONICOL-EQ.NS
THANGAMAYL.NS
JEYPORE.NS
JHS.NS
JHS-EQ.NS
JHS-BZ.NS
JSLHISAR.NS
JINDALSTEL-EQ.NS
JIKIND.NS
JINDALSTEL.NS
JINDALPOLY.NS
JINDALSAW-EQ.NS
JINDALPOLY-EQ.NS
JSL.NS
JSL-BE.NS
JMTAUTOLTD.NS
JMCPROJECT.NS
JOCIL.NS
JYOTISTRUC.NS
KAMDHENU.NS
KALPATPOWR.NS
KSCL-IL.NS
KANANIIND.NS
KANSAINER-EQ.NS
KAVVERITEL-EQ.NS
KIL.NS
PERIATEA-BE.NS
KAYA-EQ.NS
KSL-EQ.NS
PERIATEA.NS
KAYA-BE.NS
KSCL-EQ.NS
KAMATHOTEL.NS
KANANIIND-EQ.NS
KALINDEE-EQ.NS
KAMATHOTEL-EQ.NS
KARURVYSYA.NS
KAYA.NS
PKTEA-EQ.NS
KALINDEE.NS
KTKBANK.NS
PKTEA.NS
KAUSHALYA-EQ.NS
KANORICHEM.NS
KICL.NS
KAVVERITEL.NS
KCP.NS
KDDL.NS
KEYCORPSER-EQ.NS
KEYCORPSER-BE.NS
KESORAMIND-BZ.NS
KEC-EQ.NS
KEI.NS
KESARENT-EQ.NS
KERNEX.NS
KEYCORPSER.NS
KTIL-EQ.NS
KELLTONTEC.NS
KESORAMIND.NS
SHK.NS
KERNEX-BE.NS
KESORAMIND-EQ.NS
KESORAMIND-BE.NS
KHANDSE-EQ.NS
RADICO.NS
RADICO-EQ.NS
KHANDSE.NS
KHAITANLTD-BE.NS
KHAITANLTD.NS
KHAITANLTD-EQ.NS
KIRIINDUS.NS
KITPLYIND-BZ.NS
KIRLOSIND-EQ.NS
KIRLOSENG-EQ.NS
KIRLOSIND.NS
KMSUGAR-BE.NS
KMSUGAR-EQ.NS
KMSUGAR.NS
KOTHARIPET-EQ.NS
KOTAKBKETF-EQ.NS
KOLTEPATIL-EQ.NS
KOTHARIPET.NS
KOTAKNV20-EQ.NS
KOKUYOCMLN.NS
KOTAKBANK-IL.NS
KTKNV20ETF-EQ.NS
KOLTEPATIL.NS
SONASTEER.NS
KPRMILL-EQ.NS
KRISHNAENG.NS
KRISHNAENG-BE.NS
KRISHNAENG-BZ.NS
KRIDHANINF-EQ.NS
KRBL.NS
KRIDHANINF.NS
KSE-BE.NS
KSK-EQ.NS
KSERASERA-BE.NS
KSOILS.NS
KSBPUMPS.NS
SKUMARSYNF-BZ.NS
KWALITY-EQ.NS
KWALITY.NS
LT.NS
MOREPENLAB.NS
LYKALABS.NS
UNICHEMLAB.NS
SHLAKSHMI.NS
PITTILAM.NS
PENINLAND-EQ.NS
SHLAKSHMI-BE.NS
LAMBODHARA-EQ.NS
LPDC-EQ.NS
LAKPRE.NS
NEULANDLAB-EQ.NS
LAMBODHARA.NS
VIVIMEDLAB.NS
INDSWFTLAB.NS
PHOENIXLL-EQ.NS
SHLAKSHMI-EQ.NS
NEULANDLAB.NS
VIMTALABS-EQ.NS
RANBAXY.NS
LT-EQ.NS
LAXMIMACH.NS
PHOENIXLL.NS
LFIC-EQ.NS
INDSWFTLAB-EQ.NS
SHLAKSHMI-BZ.NS
PENINLAND.NS
CAPLIPOINT.NS
LITL.NS
VIVIMEDLAB-EQ.NS
MOREPENLAB-EQ.NS
LAKSHMIEFL.NS
ORTINLABSS.NS
LYKALABS-EQ.NS
ORTINLABSS-EQ.NS
LFIC.NS
LAKSHVILAS.NS
LCCINFOTEC-BE.NS
LCCINFOTEC.NS
LCCINFOTEC-EQ.NS
INOXLEISUR-EQ.NS
INOXLEISUR.NS
FIRSTLEASE-BZ.NS
LGBBROSLTD.NS
SUVEN.NS
SONATSOFTW.NS
SNOWMAN-EQ.NS
RPGLIFE.NS
PREMIERPOL-EQ.NS
NCOPPER.NS
PARACABLES-EQ.NS
MOTHERSUMI.NS
MCLEODRUSS.NS
COUNCODOS.NS
COROMANDEL.NS
ORCHIDPHAR-EQ.NS
RMMIL.NS
RMMIL-EQ.NS
PRAKASHCON-EQ.NS
REFEX-EQ.NS
SAMINDUS-EQ.NS
PRAKASH-EQ.NS
MOIL.NS
NILAINFRA-EQ.NS
SYMPHONY.NS
MINDAIND-EQ.NS
CAIRN-EQ.NS
NECLIFE.NS
ORIENTLTD-EQ.NS
LYCOS-EQ.NS
MCLEODRUSS-EQ.NS
ENGINERSIN-EQ.NS
ORIENTREF-EQ.NS
PONNIERODE-EQ.NS
TIMBOR-BZ.NS
THERMAX-EQ.NS
PHOENIXLTD.NS
GRPLTD-EQ.NS
INSECTICID-EQ.NS
NESTLEIND-EQ.NS
TORNTPHARM-EQ.NS
MAJESCO.NS
SKFINDIA-EQ.NS
POLYPLEX-EQ.NS
MANGTIMBER.NS
TATAMETALI-EQ.NS
TUBEINVEST.NS
SMPL-EQ.NS
BANCOINDIA.NS
UPL.NS
SALORAINTL.NS
VRLLOG-EQ.NS
STEL-EQ.NS
INDUSINDBK.NS
SIGNET-EQ.NS
MOLDTKPAC-EQ.NS
MCDHOLDING-EQ.NS
GREAVESCOT-EQ.NS
TNTELE-EQ.NS
UNIVCABLES-EQ.NS
GRAVITA.NS
TECHIN-BE.NS
SHARDAMOTR-EQ.NS
NITCO-EQ.NS
UNITY-EQ.NS
PNEUMATIC-EQ.NS
GRASIM-IL.NS
PROZONINTU-EQ.NS
TATASTEEL-EQ.NS
SRGINFOTEC.NS
INDOTECH-EQ.NS
CASTEXTECH.NS
SUPREMEIND-EQ.NS
SHREYAS-BE.NS
MBLINFRA-EQ.NS
GRAVITA-EQ.NS
DELTAMAGNT-EQ.NS
PUNJLLOYD.NS
LLOYDFIN.NS
LML.NS
PETRONET-EQ.NS
PETRONET-IL.NS
PETRONET.NS
SICAL.NS
PATINTLOG.NS
SHREYAS.NS
LOVABLE.NS
LOKESHMACH.NS
SNOWMAN.NS
LOVABLE-EQ.NS
VRLLOG.NS
SAKHTISUG.NS
PRIMESECU.NS
INFOMEDIA.NS
TVSMOTOR.NS
TTML.NS
TRF.NS
TITAN.NS
TIJARIA.NS
TI.NS
THERMAX.NS
TECPRO.NS
TATAMTRDVR.NS
TATACOMM.NS
TAKE.NS
SURANASOL.NS
LUMAXAUTO.NS
LUXIND.NS
LUMAXIND-EQ.NS
LUMAXTECH-EQ.NS
OPAL-SM.NS
LUXIND-EQ.NS
LUMAXIND.NS
LUPIN-IL.NS
LYCOS.NS
MTNL.NS
MASTEK.NS
MARKSANS.NS
MALWACOTT.NS
MALUPAPER.NS
MHRIL-EQ.NS
MARUTI-IL.NS
MALWACOTT-BE.NS
MANAKINDST-BE.NS
MANAKINDST-EQ.NS
MANINDS.NS
MARICO.NS
RMCL-EQ.NS
M&MFIN.NS
MANAKSTEEL.NS
MARALOVER-EQ.NS
SUPREMETEX-EQ.NS
MANINFRA.NS
MBLINFRA.NS
MCDOWELL-N-EQ.NS
MCDHOLDING.NS
SAMBHAAV.NS
RADAAN.NS
PRECOT.NS
MMNL.NS
SMPL.NS
MMNL-EQ.NS
POLYMED.NS
SAMBHAAV-BE.NS
MMNL-IT.NS
OMMETALS-EQ.NS
MEGASOFT-EQ.NS
MEP.NS
SHILPAMED.NS
MEP-EQ.NS
MELSTAR.NS
MERCK-EQ.NS
MEGH-EQ.NS
RATNAMANI.NS
INDRAMEDCO-EQ.NS
INDRAMEDCO.NS
MANAKCOAT-BE.NS
INDBANK-EQ.NS
THEMISMED-BE.NS
MELSTAR-BE.NS
POWERMECH-EQ.NS
MANAKCOAT-EQ.NS
MFSL.NS
MHRIL.NS
MIRZAINT.NS
20MICRONS.NS
MINDACORP.NS
NIRVIKARA-EQ.NS
PDUMJEPULP.NS
SIRPAPER-BZ.NS
SIRPAPER.NS
RAJOIL-BE.NS
MIRZAINT-EQ.NS
SARDAEN.NS
PHOENIXLTD-EQ.NS
SURYAJYOTI.NS
8KMILES-EQ.NS
PDUMJEPULP-EQ.NS
RAJPALAYA.NS
MMTC.NS
SPICEMOBI.NS
MORARJEE.NS
MOHITIND.NS
MOTHERSUMI-EQ.NS
MOHITIND-EQ.NS
MORARJEE-EQ.NS
MOSERBAER-EQ.NS
M50-EQ.NS
MOLDTKPAC.NS
MONSANTO.NS
SHARDAMOTR.NS
SANGHVIMOV.NS
SPICEMOBI-EQ.NS
RAIREKMOH-EQ.NS
MOTILALOFS-EQ.NS
MOSERBAER.NS
SANGHVIMOV-EQ.NS
UFO-EQ.NS
MONSANTO-EQ.NS
MPHASIS.NS
MPSLTD.NS
MPSLTD-EQ.NS
MRF-EQ.NS
MRO-TEK.NS
MRO-TEK-EQ.NS
MSPL.NS
SHREERAMA.NS
SUNDARAM.NS
MUKANDLTD-P1.NS
3RDROCK-IT.NS
3RDROCK.NS
MUKANDLTD.NS
MUNJALSHOW.NS
3RDROCK-EQ.NS
MUKANDLTD-EQ.NS
MUTHOOTCAP-EQ.NS
SHREERAMA-EQ.NS
MUTHOOTCAP.NS
MURLIIND-EQ.NS
MUKANDENGG.NS
MVL.NS
MVL-EQ.NS
NAVKARCORP.NS
NATCOPHARM.NS
NAKODA.NS
NAKODA-EQ.NS
NSIL.NS
PNC-EQ.NS
TNPL-EQ.NS
NAHARSPING.NS
NAGREEKCAP.NS
NDL-EQ.NS
NATCOPHARM-EQ.NS
NAGAROIL-EQ.NS
PNB-IL.NS
NAVKARCORP-EQ.NS
PNB.NS
NAHARINDUS-EQ.NS
PNB-EQ.NS
NAGREEKCAP-EQ.NS
NAGAROIL.NS
NAHARINDUS.NS
TNPL.NS
NCOPPER-BE.NS
NCC.NS
NCOPPER-BZ.NS
NCLIND-EQ.NS
NDTV.NS
NECLIFE-EQ.NS
SUNTV.NS
NEYVELILIG.NS
NEOCORP-BE.NS
NESCO.NS
NET4.NS
RAJTV.NS
NETWORK18.NS
NESTLEIND.NS
NEXTMEDIA.NS
NELCAST-EQ.NS
TVTODAY.NS
NESCO-EQ.NS
DEN.NS
TVTODAY-EQ.NS
NEPCMICON.NS
SMARTLINK.NS
SETFNN50.NS
NEXTMEDIA-EQ.NS
NEPCMICON-BE.NS
RAJTV-EQ.NS
NELCO-EQ.NS
SETFNN50-EQ.NS
SITICABLE.NS
NGCT-BE.NS
NGCT.NS
NGCT-EQ.NS
NICCO-BE.NS
SETFNIF50.NS
NILKAMAL-EQ.NS
NIITLTD-EQ.NS
NITINSPIN.NS
NICCO-EQ.NS
NIITTECH.NS
DEEPAKNTR.NS
TECHIN-EQ.NS
NITINSPIN-EQ.NS
NIRVIKARA.NS
NIPPOBATRY.NS
NILAINFRA.NS
NITINFIRE-EQ.NS
NILKAMAL.NS
NIRVIKARA-BE.NS
SETFNIFBK.NS
SETFNIFBK-EQ.NS
SETFNIF50-EQ.NS
NITCO.NS
TECHIN.NS
NKIND.NS
NOCIL-EQ.NS
DENORA-EQ.NS
GRINDWELL.NS
DENORA.NS
NOESISIND.NS
NORBTEAEXP-BE.NS
NOESISIND-EQ.NS
UNIVCABLES-BE.NS
VISESHINFO-BE.NS
NRBBEARING-EQ.NS
NRC-BZ.NS
NUTEK.NS
OCL.NS
OCCL.NS
SCI.NS
TINPLATE.NS
POWERGRID-EQ.NS
STCINDIA.NS
SBT.NS
ORIENTBANK-EQ.NS
SAIL.NS
TINPLATE-EQ.NS
UNITEDBNK.NS
BANKBARODA.NS
MYSOREBANK.NS
TFCILTD.NS
WHIRLPOOL-EQ.NS
OILCOUNTUB.NS
RAJOIL.NS
SOTL.NS
SOTL-EQ.NS
OMKARCHEM.NS
OMNITECH.NS
OMMETALS.NS
OMAXE-EQ.NS
STOREONE-EQ.NS
ONELIFECAP-EQ.NS
ORIENTALTL.NS
ORIENTLTD.NS
VINATIORGA-EQ.NS
ORICONENT-EQ.NS
ORIENTPPR-EQ.NS
ORIENTPPR.NS
ORIENTREF.NS
ORTEL.NS
ORTEL-EQ.NS
ORIENTALTL-BE.NS
ORIENTALTL-EQ.NS
PANCHSHEEL-EQ.NS
MEGH.NS
ORICONENT.NS
ORISSAMINE.NS
GREENPOWER.NS
GREENPOWER-EQ.NS
ORIENTHOT-EQ.NS
VINATIORGA.NS
ORCHIDPHAR.NS
ORIENTHOT.NS
SIGNETIND.NS
PRADIP-EQ.NS
MARALOVER.NS
PRADIP.NS
BANG-BE.NS
PAGEIND.NS
RAINBOWPAP.NS
PATSPINLTD-EQ.NS
PALREDTECH-EQ.NS
PARSVNATH.NS
PARASPETRO-BE.NS
PALRED.NS
SERVALL.NS
PANAMAPET-EQ.NS
PALREDTECH.NS
SHALPAINTS-EQ.NS
PATSPINLTD.NS
PARAPRINT.NS
SHALPAINTS.NS
PALREDTECH-BE.NS
PARASPETRO-EQ.NS
PARACABLES.NS
MALUPAPER-EQ.NS
PARAPRINT-BE.NS
PANCHSHEE.NS
RAINBOWPAP-EQ.NS
PANORAMUNI-EQ.NS
PANAMAPET.NS
SERVALL-EQ.NS
PANORAMUNI.NS
PAEL-EQ.NS
STARPAPER.NS
PBAINFRA.NS
PDUMJEIND-EQ.NS
PDMJEPAPER.NS
PDUMJEIND.NS
SPIC.NS
LINCPEN.NS
PETRONENGG.NS
PEARLPOLY-EQ.NS
PEPL.NS
PERFECT-SM.NS
PEARLPOLY.NS
PENIND.NS
LINCPEN-EQ.NS
PARASPETRO.NS
SUPPETRO.NS
CHENNPETRO.NS
PENPEBS-RL.NS
PERSISTENT.NS
PENPEBS-BL.NS
TNPETRO.NS
PENPEBS-IQ.NS
SPIC-EQ.NS
MANALIPETC-EQ.NS
MANALIPETC.NS
PFIZER.NS
SMSPHARMA.NS
LINCOLN-EQ.NS
SUNPHARMA-EQ.NS
TORNTPHARM.NS
PLETHICO-BZ.NS
PIRPHYTO-EQ.NS
PLETHICO.NS
PLETHICO-BE.NS
SHASUNPHAR-EQ.NS
PIRPHYTO.NS
SMSPHARMA-EQ.NS
SURYAPHARM-BZ.NS
BALPHARMA.NS
LINCOLN.NS
PIIND.NS
PILANIINVS.NS
PILANIINVS-EQ.NS
PIDILITIND-EQ.NS
SRIPIPES.NS
PIDILITIND.NS
TEXMOPIPES.NS
SRIPIPES-EQ.NS
PKTEA-BE.NS
PLASTIBLEN.NS
PNCINFRA.NS
PNEUMATIC.NS
PNCINFRA-EQ.NS
POLARIS.NS
PONNIERODE.NS
TIJARIA-BE.NS
PREMIERPOL.NS
SEPOWER-EQ.NS
POCHIRAJU.NS
RTNPOWER-EQ.NS
PREMIERPOL-BE.NS
POLYPLEX.NS
HONDAPOWER.NS
RPOWER.NS
VARDMNPOLY.NS
TORNTPOWER.NS
RTNPOWER.NS
SEPOWER.NS
VIVIDHA-EQ.NS
POWERMECH.NS
VIKASHMET.NS
SPYL-BE.NS
VIVIDHA.NS
SPYL.NS
POLYMED-EQ.NS
CAREERP.NS
TATAPOWER.NS
POWERGRID-IL.NS
TDPOWERSYS.NS
PRICOL.NS
PREMIER.NS
PURVA.NS
SIMPLEX.NS
VKSPL.NS
TTKPRESTIG.NS
PRAKASHSTL.NS
PRATIBHA.NS
RASOYPR.NS
PROVOGE.NS
PRAKASHCON.NS
PRITHVISOF-EQ.NS
PSL.NS
PSL-BE.NS
PSL-EQ.NS
PSB.NS
PTC.NS
PTL.NS
PURVA-EQ.NS
SHAKTIPUMP.NS
PVR.NS
PVP.NS
RANASUG.NS
RAMKY.NS
RAJVIR.NS
INGERRAND.NS
RAMASTEEL.NS
RAJRAYON.NS
RAYMOND.NS
RAMSARUP.NS
INDORAMA.NS
RAMKY-EQ.NS
RAIN-EQ.NS
RAMSARUP-BE.NS
RALLIS.NS
RADAAN-BE.NS
RAMCOIND.NS
INDORAMA-EQ.NS
RANEENGINE.NS
RAJSREESUG-EQ.NS
RAMASTEEL-EQ.NS
SRHHYPOLTD.NS
RTNINFRA-EQ.NS
RASOYPR-EQ.NS
RAMASTEEL-BE.NS
RANKLIN.NS
RTNINFRA.NS
RBL-EQ.NS
RANEHOLDIN.NS
RML.NS
RAIN.NS
RAMCOSYS.NS
RMCL.NS
RCOM.NS
RDEL.NS
RIIL.NS
REDINGTON.NS
RIIL-EQ.NS
RICOAUTO.NS
ROLTA.NS
SANGHIIND-BE.NS
SURYAROSNI.NS
ROSSELLIND.NS
RPPINFRA.NS
RPGLIFE-EQ.NS
RSYSTEMS.NS
RSSOFTWARE.NS
RSWM.NS
RSDFSA27GR-MF.NS
RUCHIRA.NS
RUSHIL.NS
RUPA.NS
HOTELRUGBY-EQ.NS
RUPA-EQ.NS
RUCHINFRA-BE.NS
RUBYMILLS.NS
RUCHINFRA.NS
HOTELRUGBY.NS
SANGHIIND.NS
SAMTEL-BE.NS
SAKSOFT.NS
SAREGAMA.NS
SAYAJIHOT.NS
SUPER.NS
SARTHAKIND-EQ.NS
SAKSOFT-EQ.NS
SAVERA.NS
SANDESH.NS
SANGAMIND.NS
SALORAINTL-EQ.NS
SAYAJIHOTL-BE.NS
SETFBANK-EQ.NS
SETFNIFJR-EQ.NS
SETFNIFTY-EQ.NS
SB&TINTL.NS
THOMASCOTT.NS
THOMASCOTT-EQ.NS
MAHSCOOTER.NS
THOMASCOTT-BE.NS
SEQUENT.NS
CAMLINFINE-EQ.NS
MAHSEAMLES.NS
INVENTURE.NS
SELMCL-EQ.NS
SFCL-BE.NS
SHYAMTEL.NS
SHIVTEX.NS
SHOPERSTOP.NS
SHEMAROO-EQ.NS
SHIVAMAUTO.NS
SHAIVAL-SM.NS
LIBERTSHOE.NS
SHOPERSTOP-EQ.NS
RENUKA.NS
VARUNSHIP-BZ.NS
SHREYANIND-EQ.NS
SHILPI.NS
RENUKA-EQ.NS
VARUNSHIP.NS
STAR-IL.NS
STAR.NS
SRTRANSFIN-EQ.NS
SHREYANIND.NS
SHRENUJ.NS
SIMBHALS.NS
SIMPLEXINF-EQ.NS
SIYSIL.NS
SIGNET.NS
SIYSIL-EQ.NS
SICAGEN.NS
SIMPLEXCA.NS
SIMBHSUGAR-EQ.NS
SILINV.NS
SIL-EQ.NS
SINTEX.NS
REISIXTEN.NS
SIL.NS
SIMPLEXINF.NS
SJVN.NS
SKIPPER.NS
SKIL-EQ.NS
SKSMICRO.NS
SKIL.NS
SKIPPER-EQ.NS
SKIL-BE.NS
SMSANCO.NS
SMMOMAI.NS
SMOPAL.NS
SMSIIL.NS
SMMITCON.NS
SMTHEJO.NS
SMVETO.NS
SOLARINDS.NS
INFINITE.NS
CALSOFT-BE.NS
TANLA-EQ.NS
SOFTTECHGR-BE.NS
SOFTTECHGR-EQ.NS
COMPUSOFT.NS
SOMATEX-BE.NS
SOMATEX-EQ.NS
TELEDATAI.NS
SURANASOL-EQ.NS
COMPUSOFT-EQ.NS
PRITHVI-BZ.NS
CALSOFT.NS
SOBHA.NS
AURIONPRO.NS
PRITHVISO.NS
8KMILES.NS
SOBHA-EQ.NS
SONATSOFTW-EQ.NS
SOMATEX.NS
SURYAJYOTI-EQ.NS
SPMLINFRA.NS
SPENTEX.NS
SPECIALITY.NS
SPLIL.NS
VSSL.NS
SRF.NS
SRICHAMUN.NS
SREEL.NS
SRGINFOTEC-EQ.NS
SREINFRA.NS
SREEL-EQ.NS
TVSSRICHAK.NS
SRGINFOTEC-BE.NS
SRSLTD.NS
SSLT.NS
SSLT-EQ.NS
STRTECH.NS
STINDIA-BE.NS
STINDIA.NS
STAN-DR.NS
STINDIA-EQ.NS
VISASTEEL.NS
STERTOOLS.NS
STEL-BE.NS
STRTECH-EQ.NS
PRAKASHSTL-EQ.NS
STERTOOLS-EQ.NS
STEL.NS
SUPREMEINF.NS
SUZLON.NS
SUNTECK.NS
SUMEETINDS.NS
SUNCLAYLTD.NS
SUPRAJIT-EQ.NS
SUPRAJIT.NS
SUNDARAM-BE.NS
SUPERHOUSE.NS
SUMMITSEC.NS
MAWANASUG.NS
SUDAR.NS
SUPREMEIND.NS
SUPERHOUSE-EQ.NS
SUPERSPIN.NS
SURYALAXMI.NS
SUDAR-BE.NS
SURANAIND-BE.NS
UTTAMSUGAR.NS
SUPREMETEX.NS
SUJANATWR.NS
UTTAMSUGAR-EQ.NS
SUPERSPIN-EQ.NS
UGARSUGAR-BE.NS
SUNDARMFIN-EQ.NS
WB3RG-MF.NS
SUPREMETEX-BE.NS
SURANACORP.NS
SUJANATWR-EQ.NS
SAKHTISUG-EQ.NS
PARRYSUGAR-EQ.NS
PARRYSUGAR.NS
SUBEX.NS
SUBEX-EQ.NS
SUMEETINDS-EQ.NS
SWANENERGY.NS
VETO-SM.NS
SWELECTES.NS
SYNGENE-EQ.NS
TECPRO-BE.NS
SYNGENE.NS
TECPRO-EQ.NS
BANSWRAS.NS
SYNDIBANK-EQ.NS
TECPRO-BZ.NS
PRAENG.NS
SYNDIBANK.NS
SYMPHONY-EQ.NS
WEBELSOLAR-EQ.NS
TALBROAUTO.NS
TATAMETALI.NS
TARMAT.NS
TANTIACONS-EQ.NS
TALBROAUTO-EQ.NS
TNTELE.NS
TTML-EQ.NS
TATAINVEST.NS
TANTIACONS.NS
TANTIACON.NS
TATACOFFEE.NS
TATAINVEST-EQ.NS
TANLA.NS
TARAPUR.NS
TCPLTD.NS
TCPLTD-BE.NS
TCIFINANCE-EQ.NS
TCIDEVELOP-EQ.NS
TEAMLEASE.NS
CASTEXTECH-EQ.NS
TIIL.NS
VTL-EQ.NS
TFL.NS
TFL-EQ.NS
THOMASCOOK-EQ.NS
INDOTHAI.NS
TIMETECHNO.NS
TIL.NS
TIL-EQ.NS
TIMKEN.NS
TIIL-EQ.NS
TIPSINDLTD.NS
TIMBOR.NS
MANGTIMBER-EQ.NS
TIMBOR-BE.NS
TIMKEN-EQ.NS
TIPSINDLTD-EQ.NS
TWL.NS
TITAN-IL.NS
VSTTILLERS-EQ.NS
TODAYS-BE.NS
TOKYOPLAST-EQ.NS
TOKYOPLAST.NS
TPLPLASTEH-EQ.NS
TPLPLASTEH.NS
TRICOM.NS
TRIL.NS
TRIVENI.NS
TRICOM-BE.NS
TRIGYN-EQ.NS
TTL-EQ.NS
TTL.NS
TULIP-BZ.NS
TRITURBINE.NS
UBENGG-BZ.NS
UBHOLDINGS-EQ.NS
UCOBANK.NS
UFLEX-EQ.NS
UJAAS-EQ.NS
UJAAS.NS
CARBORUNIV-EQ.NS
UNITY.NS
UNIPLY-EQ.NS
CARBORUNIV.NS
UNIVCABLES.NS
MAYURUNIQ.NS
UNITECH-EQ.NS
UPL-EQ.NS
URRAP19P10-MF.NS
UTINIFTETF-EQ.NS
UTISENSETF-EQ.NS
VTL.NS
VAKRANGEE-EQ.NS
VASCONEQ-EQ.NS
VAKRANGEE.NS
VASWANI-BE.NS
VARUN-BZ.NS
WABAG.NS
VALUEIND.NS
VENUSREM.NS
SPECTACLE-BE.NS
VENKEYS.NS
VEDL-EQ.NS
VENUSREM-EQ.NS
VEDL.NS
MAGNUM-EQ.NS
VGUARD.NS
VISESHINFO.NS
VISHNU-EQ.NS
VIPUL.NS
VISESHINFO-EQ.NS
VINDHYATEL.NS
VINDHYATEL-EQ.NS
VINYLINDIA-EQ.NS
VICEROY.NS
VIJAYABANK-EQ.NS
VISHNU.NS
VIPULLTD.NS
VIJAYABANK.NS
VISUINTL-BE.NS
VKSPL-EQ.NS
VLSFINANCE-EQ.NS
VMART-IL.NS
VMART-EQ.NS
VOLTAMP-EQ.NS
VTMLTD.NS
WABCOINDIA-EQ.NS
WALCHANNAG-EQ.NS
WANBURY-BE.NS
WALCHANNAG.NS
WELPROJ.NS
WELCORP.NS
WEALTH-SM.NS
WEIZMANIND.NS
WELENT-EQ.NS
WHEELS.NS
INOXWIND-EQ.NS
PRECWIRE.NS
INOXWIND.NS
WINDMACHIN.NS
KRISHNAENG-EQ.NS
WONDERLA-EQ.NS
WSI.NS
ADANITRANS-EQ.NS
ADI.NS
AUSTRAL.NS
AUSOMENT.NS
AUTOIND.NS
HONAUT.NS
AUTOLITIND-EQ.NS
BAJAJFINSV.NS
BALAJITELE.NS
BALKRISIND-EQ.NS
BALRAMCHIN.NS
BALKRISIND-BE.NS
BALKRISIND.NS
CORPBANK.NS
INDBANK.NS
INDUSINDBK-IL.NS
BARTRONICS.NS
BARTRONICS-EQ.NS
BATAINDIA.NS
BEARDSELL-BT.NS
BEARDSELL.NS
BANARBEADS-EQ.NS
MENONBE-EQ.NS
BRANDHOUSE-BZ.NS
BRANDHOUSE-EQ.NS
BRANDHOUSE.NS
BRIGADE.NS
BRITANNIA.NS
BROADCAST-EQ.NS
CORDSCABLE-EQ.NS
FINCABLES.NS
CORDSCABLE.NS
PRECAM.NS
CANTABIL.NS
CANTABIL-EQ.NS
CANFINHOME.NS
CANDC-EQ.NS
CAPF.NS
RELCAPITAL.NS
CASTEXTECH-BE.NS
CASTROLIND-EQ.NS
MANGCHEFER.NS
CHROMATIC-EQ.NS
COALINDIA.NS
MANAKCOAT.NS
SAMTEL.NS
SAMTEL-EQ.NS
COLPAL.NS
MITCON-SM.NS
THOMASCOOK.NS
COSMOFILMS.NS
SALONACOT.NS
SALONACOT-EQ.NS
DELTAMAGNT.NS
DELTACORP-EQ.NS
DENABANK.NS
DENABANK-EQ.NS
MASTEK-BE.NS
ENERGYDEV-BE.NS
MAHLIFE-EQ.NS
INDOWIND.NS
INDOWIND-BE.NS
ENGINERSIN.NS
TECHNOFAB.NS
TECHNOFAB-EQ.NS
A2ZINFRA-EQ.NS
THEJO-SM.NS
ENTEGRA-EQ.NS
ENTEGRA-BE.NS
FIEMIND.NS
INDUSFILA-BZ.NS
FINPIPE.NS
MAGMA-EQ.NS
MICROSEC.NS
L&TFH.NS
REPCOHOME-EQ.NS
GRUH.NS
REPCOHOME.NS
MANAPPURAM-EQ.NS
MICROSEC-EQ.NS
MANAPPURAM.NS
LICHSGFIN-EQ.NS
GRASIM-EQ.NS
GRASIM.NS
GRAPHITE.NS
GREENLAM.NS
GREENLAM-BE.NS
GREENPLY.NS
GREENLAM-EQ.NS
GRPLTD.NS
INDHOTEL.NS
HOVS.NS
INNOIND-BZ.NS
INNOIND.NS
REMSONSIND.NS
3MINDIA.NS
INSECTICID.NS
LINDEINDIA.NS
SAMINDUS.NS
REPRO-EQ.NS
RESPONIND.NS
INDOSOLAR.NS
INDSWFTLTD-EQ.NS
INFY.NS
MERCATOR-EQ.NS
PRECOT-EQ.NS
REGENCERAM-BE.NS
V2RETAIL.NS
3IINFOTECH-EQ.NS
LICNETFN50.NS
3IINFOTECH-BE.NS
RELDIVOPP-EQ.NS
INFOBEANS-IT.NS
SADBHIN.NS
LICNFENGP-EQ.NS
RELCONS-EQ.NS
TEXINFRA.NS
MELSTAR-EQ.NS
RELNV20-EQ.NS
LICNETFGSC.NS
LICNMFET-EQ.NS
SADBHIN-EQ.NS
3IINFOTECH.NS
INFOMEDIA-EQ.NS
LICNETFGSC-EQ.NS
V2RETAIL-BE.NS
SANOFI.NS
SANCO-SM.NS
THEMISMED-EQ.NS
TRIDENT.NS
MANAKINDST.NS
PALRED-EQ.NS
MERCATOR.NS
INSECTICI.NS
COROMANDEL-EQ.NS
SEINV.NS
LINDEINDIA-EQ.NS
MADHUCON.NS
M&M.NS
MAJESCO-BE.NS
MAJESCO-EQ.NS
MANAKSIA.NS
MANINDS-EQ.NS
SELMCL.NS
MANDHANA.NS
MANAKSTEEL-EQ.NS
MANUGRAPH.NS
MANAKSTEEL-BE.NS
MAXWELL-EQ.NS
MAXWELL.NS
SAMBHAAV-EQ.NS
THEMISMED.NS
MERCK.NS
SAMBANDAM.NS
MINDACORP-EQ.NS
PAEL.NS
PRATIBHA-EQ.NS
PRAKASH.NS
PRICOL-EQ.NS
PROZONINTU.NS
REDINGTON-EQ.NS
REFEX.NS
REMSONSIN.NS
REPRO.NS
SANGAMIND-EQ.NS
SEAMECLTD-EQ.NS
SEAMECLTD.NS
SPLIL-EQ.NS
STCINDIA-EQ.NS
INDOTECH.NS
INDOTHAI-EQ.NS
INDSWFTLTD-BE.NS
INDSWFTLTD.NS